{"cameraMode":{"drawMode":0,"name":"Shaded","section":"Shading Mode"},"sceneLighting":true,"audioPlay":false,"sceneViewState":{"showFog":true,"showMaterialUpdate":false,"showSkybox":true,"showFlares":true,"showImageEffects":true,"showParticleSystems":true},"in2DMode":false,"pivot":{"x":0.3065967559814453,"y":-1.1928396224975587,"z":-0.009888052940368653},"rotation":{"x":0.2975345551967621,"y":0.5956194996833801,"z":-0.2523936629295349,"w":0.7021492719650269},"size":10.27662467956543,"orthographic":false}