{"cameraMode":{"drawMode":0,"name":"Shaded","section":"Shading Mode"},"sceneLighting":true,"audioPlay":false,"sceneViewState":{"showFog":true,"showMaterialUpdate":false,"showSkybox":true,"showFlares":true,"showImageEffects":true,"showParticleSystems":true},"in2DMode":false,"pivot":{"x":0.23862028121948243,"y":-0.7008066177368164,"z":-1.0934644937515259},"rotation":{"x":0.24265137314796449,"y":0.7513620853424072,"z":-0.37583452463150027,"w":0.4851064085960388},"size":8.656856536865235,"orthographic":false}